transactTime,user,quantity_btc,quantity_usd,commission_btc,price_usd,bitcoin_price_eur,total_btc,orderId,clientOrderId,status
1594840859192.0,jerry,0.0005,4.5776,0.0,9186.8,8027.612722824186,0.0004980000000000001,0.0,0,postponed
1594920428297.0,jerry,0.0005,4.561165,0.0,9122.33,7992.228841773261,0.0009980000000000002,0.0,0,postponed
1595006832328.0,jerry,0.0005,4.574285,0.0,9148.57,8005.399019950997,0.0014980000000000002,0.0,0,postponed
1595006832681.0,jerry,0.001498,13.70397364,1.5e-06,9148.18,8005.399019950997,0.0,2698511014.0,MsuKuXKTvhCUSfFlENPqjI,completed
1595093236456.0,jerry,0.000499,4.57409847,0.0,9166.53,8021.114805740287,0.000499,0.0,0,postponed
1595179694417.0,jerry,0.000499,4.56696277,0.0,9152.23,8008.601680084002,0.000998,0.0,0,postponed
1595266098290.0,jerry,0.0004980000000000001,4.57653036,0.0,9189.82,8027.445842068481,0.0014960000000000002,0.0,0,postponed
1595266098635.0,jerry,0.0014960000000000002,13.74810536,1.5e-06,9189.91,8027.445842068481,0.0,2710467863.0,tvaGXPDd3K3v9Mhqghsl3w,completed
1595352503063.0,jerry,0.000489,4.57901556,0.0,9364.04,8183.203705322031,0.000489,0.0,0,postponed
1595438906419.0,jerry,0.000495,4.629339000000001,0.0,9352.2,8077.560891345655,0.000984,0.0,0,postponed
1595525310559.0,jerry,0.000482,4.6258263,0.0,9597.15,8295.574379808108,0.001466,0.0,0,postponed
1595525310907.0,jerry,0.001466,14.069421900000002,1.47e-06,9597.15,8295.574379808108,0.0,2725489917.0,aGiVuXzGhFY5pw3wRv8zED,completed
1595611714795.0,jerry,0.0004860000000000001,4.63923936,0.0,9545.76,8223.43211578222,0.0004860000000000001,0.0,0,postponed
1595698119092.0,jerry,0.00048,4.6477776,0.0,9682.87,8341.548931771193,0.0009660000000000001,0.0,0,postponed
1595784522826.0,jerry,0.000468,4.63826844,0.0,9910.83,8537.930737422466,0.001434,0.0,0,postponed
1595784523187.0,jerry,0.001434,14.21214456,1.43e-06,9910.84,8537.930737422466,0.0,2744165167.0,3GZAsmphhalEvr1Chelfj2,completed
1595870927365.0,jerry,0.000436,4.70863868,0.0,10799.63,9183.358843537415,0.000436,0.0,0,postponed
1595957332032.0,jerry,0.000426,4.6825281,0.0,10991.85,9381.112912861654,0.0008619999999999999,0.0,0,postponed
1596043735899.0,jerry,0.000417,4.68993645,0.0,11246.85,9592.196162046908,0.001279,0.0,0,postponed
1596301324988.0,jerry,0.000407,4.74155,0.0,11650.0,9832.883187035786,0.001686,0.0,0,postponed
1596301325368.0,jerry,0.001686,19.64338368,1.69e-06,11650.88,9832.883187035786,0.0,2811657927.0,JRcRha45hY55nWm1Cc2vv4,completed
1596387728941.0,jerry,0.000423,4.73619564,0.0,11196.68,9450.270087778528,0.000423,0.0,0,postponed
1596474133062.0,jerry,0.000413,4.69186172,0.0,11360.44,9688.248337028825,0.0008359999999999999,0.0,0,postponed
1596560536741.0,jerry,0.000422,4.70936808,0.0,11159.64,9485.456863578409,0.001258,0.0,0,postponed
1596560537096.0,jerry,0.001258,14.0392924,1.151e-05,11159.54,9485.456863578409,0.0,2845193234.0,sAry4gDGn6u20O6oTQ7ekH,completed
1596646941338.0,jerry,0.000407,4.7374800000000015,0.0,11640.0,9819.47022102244,0.000407,0.0,0,postponed
1596733345310.0,jerry,0.0004,4.7315320000000005,0.0,11828.83,9988.035126234909,0.000807,0.0,0,postponed
1596819750087.0,jerry,0.000408,4.7310456,0.0,11595.7,9812.727426588814,0.001215,0.0,0,postponed
1596819750485.0,jerry,0.001215,14.0878035,1.188e-05,11594.9,9812.727426588814,0.0,2873532184.0,7qYaMni6V7tfnDTUCV0zLj,completed
1596906154420.0,jerry,0.000405,4.727253149999999,0.0,11672.23,9877.490056697978,0.000405,0.0,0,postponed
1596992558656.0,jerry,0.00040899999999999997,4.72866168,0.0,11561.52,9783.802995684184,0.000814,0.0,0,postponed
1597078962807.0,jerry,0.000397,4.71015092,0.0,11864.36,10086.168494431691,0.0012109999999999998,0.0,0,postponed
1597078963155.0,jerry,0.0012109999999999998,14.36787217,3.95e-06,11864.37,10086.168494431691,0.0,2899654159.0,ZGQDKmZPmmL8laW8BD4WXh,completed
1597165367034.0,jerry,0.000413,4.71755032,0.0,11422.64,9694.169566324366,0.000413,0.0,0,postponed
1597251771145.0,jerry,0.000408,4.71163296,0.0,11548.12,9810.653300484242,0.0008210000000000001,0.0,0,postponed
1597338175283.0,jerry,0.000411,4.73539815,0.0,11521.65,9736.8799121102,0.001232,0.0,0,postponed
1597338175666.0,jerry,0.001232,14.19483296,1.23e-06,11521.78,9736.8799121102,0.0,2928773741.0,qQcccxvJEBTNaKDi4qFl0z,completed
1597424579770.0,jerry,0.000401,4.72524766,0.0,11783.66,9975.162956065351,0.000401,0.0,0,postponed
1597510983867.0,jerry,0.000398,4.72508386,0.0,11872.07,10050.004232625071,0.000799,0.0,0,postponed
1597597387625.0,jerry,0.000398,4.72422816,0.0,11869.92,10048.184203843224,0.0011970000000000001,0.0,0,postponed
1597597387980.0,jerry,0.001197,14.20740846,1.2e-06,11869.18,10048.184203843224,0.0,2955229306.0,hpBmoEujlAWll2prFQYMzb,completed
1597683792449.0,jerry,0.000384,4.747088639999999,0.0,12362.21,10429.60431958154,0.000384,0.0,0,postponed
1597770196841.0,jerry,0.000398,4.76404806,0.0,11969.97,10053.729212161934,0.000782,0.0,0,postponed
1597856605776.0,jerry,0.000407,4.7783631500000014,0.0,11740.45,9838.640744154865,0.001189,0.0,0,postponed
1597856606153.0,jerry,0.001189,13.95969218,3.92e-06,11740.58,9838.640744154865,0.0,2983879150.0,cAq1GtX4dbLqv1H2VNuczH,completed
1597942772628.0,jerry,0.0004,4.735951999999998,0.0,11839.88,9991.459915611811,0.0004,0.0,0,postponed
1597944573626.0,jerry,0.0004,4.737468000000002,0.0,11843.67,9994.6582278481,0.0008,0.0,0,postponed
1598029178599.0,jerry,0.000403,4.70396511,0.0,11672.37,9917.89446851899,0.001203,0.0,0,postponed
1598029178952.0,jerry,0.001203,14.04112728,1.2e-06,11671.76,9917.89446851899,0.0,2999512879.0,U4q7HrhBfpwUp1jhaxF9GI,completed
1598030979932.0,jerry,0.000401,4.704772599999999,0.0,11732.6,9969.071288979523,0.000401,0.0,0,postponed
1598115585656.0,jerry,0.00040599999999999995,4.7026371000000005,0.0,11582.85,9841.830231965332,0.000807,0.0,0,postponed
1598117386634.0,jerry,0.000406,4.70757,0.0,11595.0,9852.153963803212,0.001213,0.0,0,postponed
1598866663701.0,jerry,0.000408,4.764672097080001,0.0,11678.117885,9801.19,0.001621,0.0,0,postponed
1598866762118.0,jerry,0.000408,4.76699580804,0.0,11683.813255,9805.97,0.002029,0.0,0,postponed
1598866762487.0,jerry,0.002029,19.89817981,2.03e-06,9806.89,9805.97,0.0,61122376.0,eVQTDrClrKyCcVEHvjp5ov,completed
1598892771637.0,jerry,0.000405,4.775036143499999,0.0,11790.212699999998,9874.55,0.000405,0.0,0,postponed
1598892772966.0,giovanni,0.000101,1.1908114826999998,0.0,11790.212699999998,9874.55,0.000101,0.0,0,postponed
1598984670960.0,jerry,0.000395,4.79093527133,0.0,12128.950054,10118.42,0.0007999999999999999,0.0,0,postponed
1598984671743.0,giovanni,9.9e-05,1.200766055346,0.0,12128.950054,10118.42,0.0002,0.0,0,postponed
1599071076509.0,jerry,0.000414,4.739398334909999,0.0,11447.822064999995,9651.65,0.001214,0.0,0,postponed
1599071077344.0,giovanni,0.00010400000000000001,1.1905734947599995,0.0,11447.822064999995,9651.65,0.000304,0.0,0,postponed
1599156800629.0,jerry,0.000439,4.726103741752,0.0,10765.612168000001,9113.36,0.0016530000000000002,0.0,0,postponed
1599156801016.0,jerry,0.0016530000000000002,15.0793272,1.65e-06,10765.612168,9113.36,0.0,62571033.0,haFStXUsKflST0hGn16SP9,completed
1599156801895.0,giovanni,0.00011,1.1853920232,0.0,10776.29112,9122.4,0.000414,0.0,0,postponed
1599243212485.0,jerry,0.000453,4.739470371,0.0,10462.407,8835.0,0.000453,0.0,0,postponed
1599243213254.0,giovanni,0.000113,1.1822519909999998,0.0,10462.407,8835.0,0.0005269999999999999,0.0,0,postponed
1599329618285.0,jerry,0.000468,4.737693076272,0.0,10123.275804,8548.62,0.000921,0.0,0,postponed
1599329619071.0,giovanni,0.000117,1.184423269068,0.0,10123.275804,8548.62,0.0006439999999999999,0.0,0,postponed
1599416024368.0,jerry,0.000462,4.733124219516,0.0,10244.857618,8651.29,0.001383,0.0,0,postponed
1599416024713.0,jerry,0.0013830000000000001,11.96036379,1.38e-06,10244.857618,8651.29,0.0,63884458.0,smoN31W5ux2Ah4ipuobAvz,completed
1599416025610.0,giovanni,0.00011599999999999999,1.187969403336,0.0,10241.115546,8648.13,0.0007599999999999999,0.0,0,postponed
1599502430718.0,jerry,0.000462,4.72880318064,0.0,10235.50472,8656.55,0.000462,0.0,0,postponed
1599502431492.0,giovanni,0.00011599999999999999,1.18731854752,0.0,10235.50472,8656.55,0.0008759999999999999,0.0,0,postponed
1599588836807.0,jerry,0.000464,4.715657065279999,0.0,10163.05402,8623.72,0.000926,0.0,0,postponed
1599588837623.0,giovanni,0.00011599999999999999,1.1789142663199998,0.0,10163.05402,8623.72,0.0009919999999999998,0.0,0,postponed
1599642330083.0,giovanni,0.000115,1.176461371775,0.0,10230.098885,8680.61,0.001107,0.0,0,postponed
1599642718346.0,giovanni,0.00011499999999999999,1.178250334775,0.0,10245.655084999999,8693.81,0.0012220000000000002,0.0,0,postponed
1599642718729.0,giovanni,0.001222,10.62344478,1.22e-06,10245.655085,8693.81,0.0,65061244.0,7EmkG7ISG1DaSV6x7TJM5k,completed
1599675409198.0,jerry,0.0004570000000000001,4.704623964403,0.0,10294.581979,8744.23,0.0013830000000000001,0.0,0,postponed
1599761916923.0,jerry,0.000455,4.73839839291,0.0,10414.062402,8788.98,0.001838,0.0,0,postponed
1599848545243.0,jerry,0.00045599999999999997,4.740400090704,0.0,10395.614234,8769.71,0.002294,0.0,0,postponed
1600106911645.0,jerry,0.000443,4.745567513088,0.0,10712.342016,9020.16,0.0027370000000000003,0.0,0,postponed
1600106911645.0,jerry,0.0027370000000000003,29.31968,1.38e-06,10244.857618,8651.29,0.0,63884458.0,XXX,completed
1600162104177.0,giovanni,0.000111,1.187485444104,0.0,10698.067064,9008.14,0.000111,0.0,0,postponed
1600193749072.0,jerry,0.000437,4.756005887916,0.0,10883.308668,9151.79,0.000437,0.0,0,postponed
1600193750258.0,giovanni,0.000109,1.186542482868,0.0,10885.710852,9153.81,0.00022,0.0,0,postponed
1600280155374.0,jerry,0.00042800000000000016,4.743178227788,0.0,11082.192121,9337.09,0.000865,0.0,0,postponed
1600280156795.0,giovanni,0.000107,1.1860561734450001,0.0,11084.637135,9339.15,0.00032700000000000003,0.0,0,postponed
1600366561296.0,jerry,0.00043200000000000004,4.716751663295999,0.0,10918.406628,9255.24,0.001297,0.0,0,postponed
1600366562535.0,giovanni,0.000108,1.1791879158239995,0.0,10918.406628,9255.24,0.00043500000000000017,0.0,0,postponed
1600452967507.0,jerry,0.00043499999999999995,4.731726673170001,0.0,10877.532582000002,9192.54,0.001732,0.0,0,postponed
1600452968614.0,giovanni,0.000109,1.185682006566,0.0,10877.816574,9192.78,0.0005440000000000002,0.0,0,postponed
1600538576368.0,jerry,0.000426,4.7361683790479985,0.0,11117.766148,9395.56,0.002158,0.0,0,postponed
1600538577566.0,giovanni,0.000106,1.178483211688,0.0,11117.766148,9395.56,0.0006500000000000003,0.0,0,postponed
1600625693828.0,jerry,0.000433,4.736599419739,0.0,10939.028683,9244.51,0.0025910000000000004,0.0,0,postponed
1600625694212.0,jerry,0.002591,28.335266513994004,2.59e-06,10939.028683,9244.51,0.0,70320808.0,G9pKpsFi92s5B9qYKHHlF4,completed
1600625695668.0,giovanni,0.000108,1.1810917728719998,0.0,10936.034934,9241.98,0.0007580000000000003,0.0,0,postponed
1600712100750.0,jerry,0.000449,4.712833374411002,0.0,10496.288139,8904.97,0.000449,0.0,0,postponed
1600712102128.0,giovanni,0.000112,1.175584271568,0.0,10496.288139,8904.97,0.0008700000000000003,0.0,0,postponed
1600797837170.0,jerry,0.0004440000000000001,4.6996128206400005,0.0,10584.71356,9015.94,0.000893,0.0,0,postponed
1600797837988.0,giovanni,0.000111,1.17557301912,0.0,10590.74792,9021.08,0.0009810000000000003,0.0,0,postponed
1600884242445.0,jerry,0.00044500000000000003,4.68004453,0.0,10516.954,8995.0,0.001338,0.0,0,postponed
1600884242784.0,jerry,0.001338,14.072388427320002,1.34e-06,10516.954,8995.0,0.0,71721333.0,IJdSjJp4xlXnUrzjRdcHVG,completed
1600884244022.0,giovanni,0.00011100000000000001,1.167048356316,0.0,10513.949156,8992.43,0.0010920000000000003,0.0,0,postponed
1600970652902.0,jerry,0.000435,4.652791424400001,0.0,10696.072240000001,9185.12,0.000435,0.0,0,postponed
1600970654181.0,giovanni,0.000109,1.1658718741600005,0.0,10696.07224,9185.12,0.0012010000000000002,0.0,0,postponed
1600970654565.0,giovanni,0.001201,12.8474932099,1.2e-06,10696.072240000001,9185.12,0.0,72185628.0,JVJCgrnuXevH5o5jvKbZEc,completed
1601057061078.0,jerry,0.000433,4.6556778324,0.0,10752.1428,9242.0,0.000868,0.0,0,postponed
1601057061856.0,giovanni,0.000108,1.1612314224,0.0,10752.1428,9242.0,0.000108,0.0,0,postponed
1601143466465.0,jerry,0.00043,4.649865253320001,0.0,10813.640124,9294.86,0.0012980000000000001,0.0,0,postponed
1601143466807.0,jerry,0.0012980000000000001,14.036437101456,1.3e-06,10813.640124,9294.86,0.0,73023297.0,dmRu8aqh7C94ucL805FZA5,completed
1601143468074.0,giovanni,0.00010800000000000001,1.1679007757759998,0.0,10813.896072,9295.08,0.00021600000000000002,0.0,0,postponed
1601229883995.0,jerry,0.000432,4.653886847903999,0.0,10772.886222,9259.83,0.000432,0.0,0,postponed
1601229884790.0,giovanni,0.00010800000000000001,1.163471711976,0.0,10772.886222,9259.83,0.000324,0.0,0,postponed
1601316291250.0,jerry,0.000427,4.6691553300000015,0.0,10934.79,9370.0,0.000859,0.0,0,postponed
1601316292025.0,giovanni,0.00010700000000000001,1.17002253,0.0,10934.79,9370.0,0.00043099999999999996,0.0,0,postponed
1601402697173.0,jerry,0.000438,4.683690721655998,0.0,10693.357811999998,9138.06,0.001297,0.0,0,postponed
1601402697990.0,jerry,0.001297,13.872442000916,1.3e-06,10693.357811999998,9138.06,0.0,74150157.0,pLZoZvmxJHTsaE4KGMgDb4,completed
1601402700501.0,giovanni,0.000109,1.165841309252,0.0,10695.791827999998,9140.14,0.00054,0.0,0,postponed
1601489105423.0,jerry,0.000433,4.6778134419000015,0.0,10803.2643,9227.25,0.000433,0.0,0,postponed
1601489106212.0,giovanni,0.000108,1.1667525444,0.0,10803.2643,9227.25,0.000648,0.0,0,postponed
1601575511101.0,jerry,0.000446,4.698551513344,0.0,10534.868864,8964.32,0.0008789999999999999,0.0,0,postponed
1601575511977.0,giovanni,0.000112,1.179905312768,0.0,10534.868864,8964.32,0.0007599999999999999,0.0,0,postponed
1601661917763.0,jerry,0.000442,4.6887731943,0.0,10608.08415,9043.55,0.0013210000000000001,0.0,0,postponed
1601661918585.0,jerry,0.0013210000000000001,14.013279162149999,1.32e-06,10608.08415,9043.55,0.0,75427558.0,0sRzpyM7vwuiFfj7c6oTvH,completed
1601661920030.0,giovanni,0.00011100000000000001,1.1774973406499998,0.0,10608.08415,9043.55,0.0008709999999999999,0.0,0,postponed
1601748325232.0,jerry,0.000441,4.6915940364300015,0.0,10638.53523,9069.51,0.000441,0.0,0,postponed
1601748326071.0,giovanni,0.00011,1.1702388753,0.0,10638.53523,9069.51,0.000981,0.0,0,postponed
1601834739097.0,jerry,0.000439,4.6896223290000005,0.0,10682.511,9107.0,0.0008799999999999998,0.0,0,postponed
1601834739958.0,giovanni,0.00011,1.17507621,0.0,10682.511,9107.0,0.0010910000000000002,0.0,0,postponed
1601921145542.0,jerry,0.000438,4.7033754000000005,0.0,10738.3,9125.0,0.0013179999999999995,0.0,0,postponed
1601921145907.0,jerry,0.001318,14.1530794,1.32e-06,10738.3,9125.0,0.0,76720232.0,PiHEJkjiJicSh0cf6G6GOo,completed
1601921148882.0,giovanni,0.00011,1.1812129999999998,0.0,10738.3,9125.0,0.0012010000000000002,0.0,0,postponed
1601921149240.0,giovanni,0.001201,12.8966983,1.2e-06,10738.3,9125.0,0.0,76720243.0,LLDYUjK4Y4a0L0kEF1rYFN,completed
1602439895208.0,jerry,0.000414,4.71788976393,0.0,11395.868995,9661.61,0.000414,0.0,0,postponed
1602439896001.0,giovanni,0.00010400000000000001,1.18517037548,0.0,11395.868995,9661.61,0.00010400000000000001,0.0,0,postponed
1602526301615.0,jerry,0.000407,4.720008268998002,0.0,11597.071914,9828.86,0.0008210000000000001,0.0,0,postponed
1602526302489.0,giovanni,0.000102,1.182901335228,0.0,11597.071914,9828.86,0.000206,0.0,0,postponed
1602612707785.0,jerry,0.000411,4.712203323900001,0.0,11465.2149,9727.0,0.001232,0.0,0,postponed
1602612708167.0,jerry,0.001232,14.1247817172,1.23e-06,11465.2149,9727.0,0.0,79790879.0,8Tmg4OnfbIpAnrAVvGkpYX,completed
1602612711893.0,giovanni,0.000103,1.1808867831749998,0.0,11464.920225000002,9726.75,0.000309,0.0,0,postponed
1602699118884.0,jerry,0.000413,4.701480077,0.0,11383.729,9688.28,0.000413,0.0,0,postponed
1602699119831.0,giovanni,0.000103,1.172524087,0.0,11383.729,9688.28,0.000412,0.0,0,postponed
1602785530180.0,jerry,0.000407,4.683508864716,0.0,11507.392788,9837.06,0.00082,0.0,0,postponed
1602785531132.0,giovanni,0.000102,1.1737540643759998,0.0,11507.392788,9837.06,0.0005139999999999999,0.0,0,postponed
1602871936967.0,jerry,0.000411,4.694035433046,0.0,11421.010786,9727.46,0.001231,0.0,0,postponed
1602871937395.0,jerry,0.001231,14.062935383,1.23e-06,11421.010786,9727.46,0.0,81177877.0,OGlveYZ1h7YcT2nYkLUJga,completed
1602871938850.0,giovanni,0.000103,1.1766712789999998,0.0,11423.993,9730.0,0.0006169999999999999,0.0,0,postponed
1602958344072.0,jerry,0.000412,4.697919942895999,0.0,11402.718307999998,9711.88,0.000412,0.0,0,postponed
1602958345120.0,giovanni,0.000103,1.1744799857239998,0.0,11402.718307999998,9711.88,0.0007199999999999999,0.0,0,postponed
1603044750463.0,jerry,0.000407,4.6992624558,0.0,11546.0994,9834.0,0.0008190000000000001,0.0,0,postponed
1603044751380.0,giovanni,0.000102,1.1777021388,0.0,11546.0994,9834.0,0.0008219999999999999,0.0,0,postponed
1603131157055.0,jerry,0.0004,4.7136464500000015,0.0,11784.116125,9999.25,0.001219,0.0,0,postponed
1603131157446.0,jerry,0.001219,14.360671441025,1.22e-06,11784.116125,9999.25,0.0,82234305.0,HyFIz8QWnKKK8BrxbmxR2f,completed
1603131158980.0,giovanni,0.0001,1.1780698475000002,0.0,11780.698475,9996.35,0.000922,0.0,0,postponed
1603217568085.0,jerry,0.000396,4.729958145,0.0,11944.33875,10113.75,0.000396,0.0,0,postponed
1603217569159.0,giovanni,9.9e-05,1.18295019711,0.0,11948.991890000001,10117.69,0.001021,0.0,0,postponed
1603217569548.0,giovanni,0.001021,12.20260965592,1.02e-06,11948.99189,10117.69,0.0,82704457.0,77q1h9f49PcdTHQ7o9Nteq,completed
1603303979328.0,jerry,0.00037,4.73960685916,0.0,12809.748268000001,10808.09,0.000766,0.0,0,postponed
1603303980292.0,giovanni,9.300000000000001e-05,1.191306588924,0.0,12809.748268,10808.09,9.300000000000001e-05,0.0,0,postponed
1603390385110.0,jerry,0.000361,4.727408939181,0.0,13095.315621,11078.01,0.001127,0.0,0,postponed
1603390385913.0,jerry,0.001127,14.757834525118998,1.13e-06,13095.315621,11078.01,0.0,83734001.0,rNkrpUiAcKOrOKybBavnY0,completed
1603390387420.0,giovanni,9e-05,1.1781581693399998,0.0,13090.646325999998,11074.06,0.000183,0.0,0,postponed
1603476812382.0,jerry,0.00036899999999999997,4.745939964480001,0.0,12861.62592,10848.2,0.00036899999999999997,0.0,0,postponed
1603476813354.0,giovanni,9.2e-05,1.18326958464,0.0,12861.62592,10848.2,0.000275,0.0,0,postponed
1603563228210.0,jerry,0.00036,4.73675701824,0.0,13157.658383999995,11097.89,0.000729,0.0,0,postponed
1603563229142.0,giovanni,9e-05,1.18418925456,0.0,13157.658383999995,11097.89,0.000365,0.0,0,postponed
1603649633613.0,jerry,0.000364,4.737315815232,0.0,13014.603888,10977.23,0.001093,0.0,0,postponed
1603649641000.0,jerry,0.001093,14.22712613712,1.09e-06,13014.603888,10977.23,0.0,84965931.0,NKWWHFjrlrznkFc4U8qznJ,completed
1603649642543.0,giovanni,9.1e-05,1.1845091294399999,0.0,13016.583840000001,10978.9,0.000456,0.0,0,postponed
1603736057395.0,jerry,0.000365,4.72696839264,0.0,12950.598336,10957.44,0.000365,0.0,0,postponed
1603736058339.0,giovanni,9.1e-05,1.178504448576,0.0,12950.598336,10957.44,0.000547,0.0,0,postponed
1603822471272.0,jerry,0.000343,4.727772654192,0.0,13783.593744,11649.42,0.000708,0.0,0,postponed
1603822472642.0,giovanni,8.6e-05,1.185389061984,0.0,13783.593744,11649.42,0.000633,0.0,0,postponed
1603908880277.0,jerry,0.000356,4.689745836516,0.0,13173.443361,11233.43,0.0010639999999999998,0.0,0,postponed
1603908880706.0,jerry,0.001064,14.016905584416001,1.06e-06,13173.443361,11233.43,0.0,86432851.0,gcprIC9kVI5y1F0J90T2N1,completed
1603908882077.0,giovanni,8.9e-05,1.172407235445,0.0,13173.115005,11233.15,0.000722,0.0,0,postponed
1603995296519.0,jerry,0.000343,4.6784656688,0.0,13639.841600000002,11654.0,0.000343,0.0,0,postponed
1603995297637.0,giovanni,8.6e-05,1.1730263776000005,0.0,13639.841600000002,11654.0,0.000808,0.0,0,postponed
1604081738524.0,jerry,0.000343,4.679582150263999,0.0,13643.096648,11662.76,0.000686,0.0,0,postponed
1604081753116.0,giovanni,8.6e-05,1.1733737156039998,0.0,13643.880414,11663.43,0.0008939999999999998,0.0,0,postponed
1604081764387.0,giovanni,0.0008939999999999998,12.202596645816,8.9e-07,13643.880414,11663.43,0.0,87459623.0,v5A7vSVT0IMhoY7sc2zsfZ,completed
1604254722340.0,jerry,0.000337,4.685371081034,0.0,13903.178281999999,11885.09,0.001023,0.0,0,postponed
1604254722893.0,jerry,0.001023,14.222700074352,1.02e-06,13903.178282,11885.09,0.0,88320043.0,vbyh1y1kmbB9MPFh9zJWwn,completed
1604254724911.0,giovanni,8.4e-05,1.1678679583199998,0.0,13903.18998,11885.1,8.4e-05,0.0,0,postponed
1604341129640.0,jerry,0.000343,4.660521202596,0.0,13587.525372,11661.11,0.000343,0.0,0,postponed
1604341130549.0,giovanni,8.6e-05,1.168468059744,0.0,13586.837904,11660.52,0.00017,0.0,0,postponed
1604427576739.0,jerry,0.000339,4.676571189750001,0.0,13795.19525,11788.75,0.000682,0.0,0,postponed
1604427578000.0,giovanni,8.499999999999999e-05,1.17265227112,0.0,13795.909072,11789.36,0.000255,0.0,0,postponed
1604514017795.0,jerry,0.000333,4.695420878999999,0.0,14100.363000000001,12030.0,0.001015,0.0,0,postponed
1604514018361.0,jerry,0.001015,14.311868444999998,1.02e-06,14100.363,12030.0,0.0,89809734.0,FkR0xTnNKbydrP6RHWM8yk,completed
1604514020081.0,giovanni,8.3e-05,1.170330129,0.0,14100.363000000001,12030.0,0.000338,0.0,0,postponed
1604600044566.0,jerry,0.000315,4.746614618025,0.0,15068.617835,12710.77,0.000315,0.0,0,postponed
1604600045816.0,giovanni,7.900000000000001e-05,1.190348695,0.0,15067.705,12710.0,0.000417,0.0,0,postponed
1604686949237.0,jerry,0.000307,4.74824927,0.0,15466.61,13030.0,0.0006219999999999999,0.0,0,postponed
1604686950491.0,giovanni,7.7e-05,1.19092897,0.0,15466.61,13030.0,0.0004940000000000001,0.0,0,postponed
1604773493290.0,jerry,0.000315,4.7520708165,0.0,15085.9391,12709.3,0.0009369999999999999,0.0,0,postponed
1604773495636.0,jerry,0.000937,14.131320748880002,9.4e-07,15085.9391,12709.3,0.0,91487013.0,J3XVmjJOXXM8iDQGdiLfyf,completed
1604773512918.0,giovanni,7.900000000000001e-05,1.1901547255100002,0.0,15065.249690000002,12691.87,0.000573,0.0,0,postponed
1604859927632.0,jerry,0.000306,4.7549827886400005,0.0,15539.15944,13091.12,0.000306,0.0,0,postponed
1604859933092.0,giovanni,7.6e-05,1.18199190456,0.0,15552.52506,13102.38,0.0006490000000000001,0.0,0,postponed
1604946359007.0,jerry,0.00031,4.750409277449998,0.0,15323.900895,12895.65,0.000616,0.0,0,postponed
1604946359932.0,giovanni,7.8e-05,1.1952642698099998,0.0,15323.900894999999,12895.65,0.000727,0.0,0,postponed
1605032765822.0,jerry,0.000309,4.722446980224,0.0,15282.999936000002,12942.92,0.000925,0.0,0,postponed
1605032787646.0,jerry,0.000925,14.1472386,9.3e-07,15282.999936000002,12942.92,0.0,93058163.0,BMVkpphRxbHKI7z8I8Gyiz,completed
1605032795869.0,giovanni,7.7e-05,1.177355618208,0.0,15290.332703999999,12949.13,0.0008039999999999999,0.0,0,postponed
1605032797936.0,giovanni,0.0008039999999999999,12.29501293056,8e-07,15290.332704,12949.13,0.0,93058231.0,95PNKSV7OyM4Z4bagt1DsY,completed
1605119228684.0,jerry,0.000295,4.70703448155,0.0,15956.04909,13561.15,0.000295,0.0,0,postponed
1605119230017.0,giovanni,7.4e-05,1.18074763266,0.0,15956.04909,13561.15,7.4e-05,0.0,0,postponed
1605205635303.0,jerry,0.000294,4.714191050478,0.0,16034.663437,13599.07,0.000589,0.0,0,postponed
1605205636272.0,giovanni,7.4e-05,1.186565094338,0.0,16034.663437000001,13599.07,0.000148,0.0,0,postponed
1605292041253.0,jerry,0.00029,4.725964555,0.0,16296.4295,13793.0,0.0008789999999999999,0.0,0,postponed
1605292041654.0,jerry,0.0008789999999999999,14.324561530499999,8.8e-07,16296.4295,13793.0,0.0,94671860.0,3tvloKpgdFgxWVKGXjEdqB,completed
1605292043202.0,giovanni,7.3e-05,1.1896393534999998,0.0,16296.4295,13793.0,0.000221,0.0,0,postponed
1605378460326.0,jerry,0.000296,4.72203290108,0.0,15952.813855,13502.17,0.000296,0.0,0,postponed
1605378468843.0,giovanni,7.4e-05,1.1803552210200001,0.0,15950.74623,13500.42,0.000295,0.0,0,postponed
1605464874322.0,jerry,0.000296,4.729579944999999,0.0,15978.310625,13523.75,0.000592,0.0,0,postponed
1605464875601.0,giovanni,7.4e-05,1.1823949862499998,0.0,15978.310625,13523.75,0.00036899999999999997,0.0,0,postponed
1605551281161.0,jerry,0.000283,4.72372883073,0.0,16691.62131,14109.57,0.0008749999999999999,0.0,0,postponed
1605551282926.0,jerry,0.000875,14.60164922125,8.8e-07,16691.62131,14109.57,0.0,96098701.0,AgzztARxHIZeHd2126BlHJ,completed
1605551284711.0,giovanni,7.099999999999999e-05,1.1847263045799998,0.0,16686.28598,14105.06,0.00044,0.0,0,postponed
1605637705937.0,jerry,0.000266,4.744078612,0.0,17834.881999999998,15010.0,0.000266,0.0,0,postponed
1605637707157.0,giovanni,6.7e-05,1.194448292284,0.0,17827.586452,15003.86,0.0005070000000000001,0.0,0,postponed
1605810156086.0,jerry,0.000263,4.735882105848,0.0,18007.156296,15219.03,0.000529,0.0,0,postponed
1605810157126.0,giovanni,6.6e-05,1.1886292788480002,0.0,18009.534528,15221.04,0.000573,0.0,0,postponed
1606068488920.0,jerry,0.00025499999999999996,4.740721539555,0.0,18591.064861000006,15671.47,0.000784,0.0,0,postponed
1606068489941.0,jerry,0.000784,14.57895697776,7.8e-07,18591.064861000006,15671.47,0.0,101328246.0,UoRhXwO5ae1bhyifBDwXIC,completed
1606068492342.0,giovanni,6.4e-05,1.1901189369599998,0.0,18595.60839,15675.3,0.0006370000000000001,0.0,0,postponed
1606154898151.0,jerry,0.000257,4.758631439994001,0.0,18516.075642,15558.42,0.000257,0.0,0,postponed
1606154899042.0,giovanni,6.4e-05,1.185028841088,0.0,18516.075642,15558.42,0.0007010000000000001,0.0,0,postponed
1606154899865.0,giovanni,0.000701,12.981554341656,7e-07,18516.075642,15558.42,0.0,102740435.0,QUwhU7RtG2oibOFRG3BNGH,completed
1606241306103.0,jerry,0.000246,4.742744789790001,0.0,19279.450365,16249.01,0.000503,0.0,0,postponed
1606241308676.0,giovanni,6.2e-05,1.19532592263,0.0,19279.450365,16249.01,6.2e-05,0.0,0,postponed
1606327713999.0,jerry,0.00024900000000000004,4.758505555919999,0.0,19110.46408,16072.72,0.000752,0.0,0,postponed
1606327714403.0,jerry,0.000752,14.37330430816,7.5e-07,19110.46408,16072.72,0.0,106181866.0,URKqTqMpWz0WVXERQnk73v,completed
1606327715643.0,giovanni,6.2e-05,1.18503306796,0.0,19113.43658,16075.22,0.000124,0.0,0,postponed
1606501402793.0,jerry,0.000282,4.761270064800001,0.0,16883.9364,14162.0,0.000282,0.0,0,postponed
1606501403692.0,giovanni,7.099999999999999e-05,1.198778106564,0.0,16884.198684,14162.22,0.000195,0.0,0,postponed
1606501403692.0,riccardobass,7.099999999999999e-05,1.198778106564,0.0,16884.198684,14162.22,0.000195,0.0,0,postponed
1606587310797.0,jerry,0.000268,4.7636325283200005,0.0,17774.74824,14909.2,0.00055,0.0,0,postponed
1606587311708.0,giovanni,6.7e-05,1.19090813208,0.0,17774.74824,14909.2,0.000262,0.0,0,postponed
1606672852211.0,jerry,0.000264,4.775036541264,0.0,18087.259626,15171.33,0.000814,0.0,0,postponed
1606672852626.0,jerry,0.000814,14.723766878171999,8.1e-07,18087.259626,15171.33,0.0,115042826.0,5DffzAjl098evJWihv0FHA,completed
1606672854092.0,giovanni,6.6e-05,1.193818936068,0.0,18088.165698,15172.09,0.00032800000000000017,0.0,0,postponed
1606672854990.0,riccardobass,0.000231,4.178366276238,0.0,18088.165698,15172.09,0.000426,0.0,0,postponed
1606759260481.0,jerry,0.000246,4.7914658118,0.0,19477.5033,16258.35,0.000246,0.0,0,postponed
1606759261910.0,giovanni,6.2e-05,1.20772776,0.0,19479.48,16260.0,0.00039000000000000016,0.0,0,postponed
1606759262811.0,riccardobass,0.000215,4.1894224126,0.0,19485.68564,16265.18,0.000641,0.0,0,postponed
1606845681738.0,jerry,0.000252,4.781012544,0.0,18972.272,15852.5,0.0004980000000000001,0.0,0,postponed
1606845682645.0,giovanni,6.3e-05,1.195253136,0.0,18972.272,15852.5,0.00045300000000000017,0.0,0,postponed
1606845683508.0,riccardobass,0.000221,4.192872112,0.0,18972.272,15852.5,0.0008619999999999999,0.0,0,postponed
1606845683934.0,riccardobass,0.0008619999999999999,16.348785509760006,0.00040557,18972.272,15852.5,0.0,118742211.0,iZDJxadTy7BZfWVVrE0fXc,completed
1606932089631.0,jerry,0.000254,4.825985798352,0.0,18999.944088,15746.68,0.0007520000000000001,0.0,0,postponed
1606932090044.0,jerry,0.000752,14.291106504479995,7.5e-07,18999.944088,15746.68,0.0,120958545.0,vnOjIJzW0GWehQjLGv78ef,completed
1606932091556.0,giovanni,6.4e-05,1.216014955008,0.0,19000.233672,15746.92,0.0005170000000000002,0.0,0,postponed
1606932092432.0,riccardobass,0.0002220000000000001,4.218051875184,0.0,19000.233672,15746.92,0.0002220000000000001,0.0,0,postponed
1607018497924.0,jerry,0.00025,4.851031579000001,0.0,19404.126315999998,15969.16,0.00025,0.0,0,postponed
1607018498767.0,giovanni,6.3e-05,1.2222433177290002,0.0,19400.687583000006,15966.33,0.0005800000000000003,0.0,0,postponed
1607018499646.0,riccardobass,0.00021899999999999998,4.248750580677002,0.0,19400.687583000006,15966.33,0.0004410000000000001,0.0,0,postponed
1607104905440.0,jerry,0.000255,4.859806635180001,0.0,19058.065236000002,15674.04,0.000505,0.0,0,postponed
1607104906271.0,giovanni,6.4e-05,1.219643804736,0.0,19056.934449,15673.11,0.0006440000000000004,0.0,0,postponed
1607104906660.0,giovanni,0.000644,12.273033813768,6.4e-07,19056.934449,15673.11,0.0,124662876.0,xiGaeSneNIEYgsnzKZM1of,completed
1607104909637.0,riccardobass,0.000223,4.249823820606,0.0,19057.505922,15673.58,0.0006640000000000001,0.0,0,postponed
1607104910272.0,riccardobass,0.000664,12.655257717816,0.00031838,19057.505922,15673.58,0.0,124662925.0,NDWn1BBexWsz1k4AovcH21,completed
1607191316821.0,jerry,0.00025299999999999997,4.869722713086,0.0,19247.915862,15830.18,0.000758,0.0,0,postponed
1607191317388.0,jerry,0.000758,14.590666761678,7.6e-07,19247.915862,15830.18,0.0,126429476.0,DZzRfPqxif2ZtmM30GYNLA,completed
1607191318601.0,giovanni,6.3e-05,1.212680746683,0.0,19248.900741,15830.99,6.3e-05,0.0,0,postponed
1607191319458.0,riccardobass,0.000221,4.254007063761,0.0,19248.900741,15830.99,0.000221,0.0,0,postponed
1607278532474.0,jerry,0.00025299999999999997,4.8710639480580005,0.0,19253.217186,15834.54,0.00025299999999999997,0.0,0,postponed
1607278533558.0,giovanni,6.3e-05,1.2129526827180002,0.0,19253.217186,15834.54,0.000126,0.0,0,postponed
1607278534732.0,riccardobass,0.000221,4.254960998106,0.0,19253.217186,15834.54,0.000442,0.0,0,postponed
1607364939795.0,jerry,0.000253,4.8601054691200005,0.0,19209.90304,15839.3,0.0005059999999999999,0.0,0,postponed
1607364940654.0,giovanni,6.3e-05,1.21022389152,0.0,19209.90304,15839.3,0.000189,0.0,0,postponed
1607364941479.0,riccardobass,0.000221,4.24538857184,0.0,19209.90304,15839.3,0.000663,0.0,0,postponed
1607364941896.0,riccardobass,0.000663,12.73616571552,0.00032301,19209.90304,15839.3,0.0,129526972.0,PFRZkRUo3o1NcGCsAvNqm2,completed
1607451348889.0,jerry,0.000256,4.854835325952,0.0,18964.200492,15654.78,0.0007619999999999999,0.0,0,postponed
1607451351139.0,jerry,0.000762,14.447702281068,7.6e-07,18964.200492,15654.78,0.0,131234676.0,O2X79IoFhFMPdjwb0Uo8Jo,completed
1607451354078.0,giovanni,6.4e-05,1.213455309696,0.0,18960.239214,15651.51,0.000253,0.0,0,postponed
1607451354972.0,riccardobass,0.00022400000000000002,4.24760644224,0.0,18962.52876,15653.4,0.00022400000000000002,0.0,0,postponed
1607537761788.0,jerry,0.000262,4.842389487488001,0.0,18482.402624000002,15263.36,0.000262,0.0,0,postponed
1607537762633.0,giovanni,6.6e-05,1.2198385731840002,0.0,18482.402624,15263.36,0.00031899999999999995,0.0,0,postponed
1607537763458.0,riccardobass,0.000229,4.2324702008960005,0.0,18482.402624000002,15263.36,0.0004530000000000001,0.0,0,postponed
1607624172438.0,jerry,0.000265,4.8507965708,0.0,18304.89272,15109.28,0.0005269999999999999,0.0,0,postponed
1607624186903.0,giovanni,6.6e-05,1.2077175273899998,0.0,18298.750415,15104.21,0.0003849999999999999,0.0,0,postponed
1607624191505.0,riccardobass,0.00023199999999999997,4.24531009628,0.0,18298.750415000002,15104.21,0.0006850000000000001,0.0,0,postponed
1607624192379.0,riccardobass,0.000685,12.53611291745,0.00033994,18298.750415,15104.21,0.0,135290259.0,EfzTmePppH7nwzuLRThazX,completed
1607709974738.0,jerry,0.000268,4.8460376785919985,0.0,18082.230144,14910.72,0.0007949999999999999,0.0,0,postponed
1607709975575.0,jerry,0.000795,14.376279215190001,8e-07,18082.230144,14910.72,0.0,137266498.0,4FUS7uEV79IXSKqMIeiwM6,completed
1607709976805.0,giovanni,6.7e-05,1.211585795494,0.0,18083.370082,14911.66,0.00045199999999999993,0.0,0,postponed
1607709977626.0,riccardobass,0.000235,4.249591969269999,0.0,18083.370081999998,14911.66,0.000235,0.0,0,postponed
1607796403806.0,jerry,0.00026000000000000003,4.8483830889,0.0,18647.627265,15376.95,0.00026000000000000003,0.0,0,postponed
1607796404661.0,giovanni,6.500000000000001e-05,1.2120957722249999,0.0,18647.627265,15376.95,0.0005169999999999999,0.0,0,postponed
1607796405506.0,riccardobass,0.00022799999999999999,4.2517170804959985,0.0,18647.881932,15377.16,0.000463,0.0,0,postponed
1607882810438.0,jerry,0.000252,4.844380596804,0.0,19223.732527,15852.01,0.0005120000000000001,0.0,0,postponed
1607882811297.0,giovanni,6.3e-05,1.211095149201,0.0,19223.732527,15852.01,0.0005799999999999999,0.0,0,postponed
1607882812233.0,riccardobass,0.000221,4.2484448884670005,0.0,19223.732527,15852.01,0.0006839999999999999,0.0,0,postponed
1607882812641.0,riccardobass,0.000684,13.152251457252,0.00033614,19223.732527,15852.01,0.0,140187632.0,ny597lrwMRRVe4dINDfH5a,completed
1607969230390.0,jerry,0.000253,4.862951753022,0.0,19221.153174000006,15804.27,0.0007650000000000001,0.0,0,postponed
1607969230823.0,jerry,0.0007650000000000001,14.704303129200001,7.7e-07,19221.153174000006,15804.27,0.0,141436157.0,fSyAtgUVh4mSUgzhaFvv2P,completed
1607969232127.0,giovanni,6.3e-05,1.2109426106399999,0.0,19221.31128,15804.4,0.0006429999999999999,0.0,0,postponed
1607969232512.0,giovanni,0.000643,12.359303153039999,6.4e-07,19221.31128,15804.4,0.0,141436163.0,M5ke8gjN0piNSAHN66prwx,completed
1607969233717.0,riccardobass,0.000221,4.247909792880002,0.0,19221.31128,15804.4,0.000221,0.0,0,postponed
1608055638057.0,jerry,0.00025,4.859997095,0.0,19439.988380000006,16013.17,0.00025,0.0,0,postponed
1608055638956.0,giovanni,6.2e-05,1.20527927956,0.0,19439.988380000006,16013.17,6.2e-05,0.0,0,postponed
1608055639834.0,riccardobass,0.00021899999999999998,4.2573574552199975,0.0,19439.988380000006,16013.17,0.00044,0.0,0,postponed
1608142043536.0,jerry,0.000235,4.874016953625,0.0,20740.497675,17015.75,0.00048499999999999997,0.0,0,postponed
1608142044419.0,giovanni,5.9e-05,1.223689362825,0.0,20740.497675,17015.75,0.000121,0.0,0,postponed
1608142045293.0,riccardobass,0.000206,4.272582695994,0.0,20740.692699000007,17015.91,0.000646,0.0,0,postponed
1608142045722.0,riccardobass,0.000646,13.398440238990002,6.5e-07,20740.692699000007,17015.91,0.0,144449743.0,2Zk3rgOq6lGWvDprBUXqBR,completed
1608228449682.0,jerry,0.000212,4.909079393712,0.0,23156.034876,18909.06,0.0006969999999999999,0.0,0,postponed
1608228450186.0,jerry,0.000697,16.139423425554,7e-07,23156.034875999998,18909.06,0.0,147359203.0,5LyPuFBzqlsQypF8n53Xud,completed
1608228451560.0,giovanni,5.3e-05,1.2272445359459998,0.0,23155.557281999998,18908.67,0.000174,0.0,0,postponed
1608228452624.0,riccardobass,0.000185,4.28377809717,0.0,23155.557282,18908.67,0.000185,0.0,0,postponed
1608314856619.0,jerry,0.000215,4.9139552998900005,0.0,22855.606046,18643.94,0.000215,0.0,0,postponed
1608314857700.0,giovanni,5.400000000000001e-05,1.234202726484,0.0,22855.606046,18643.94,0.00022799999999999999,0.0,0,postponed
1608314858808.0,riccardobass,0.000188,4.296853936648,0.0,22855.606046,18643.94,0.000373,0.0,0,postponed
1608401262931.0,jerry,0.000205,4.900397029775,0.0,23904.375755,19499.45,0.00042,0.0,0,postponed
1608401263972.0,giovanni,5.1e-05,1.219158800418,0.0,23905.074518,19500.02,0.000279,0.0,0,postponed
1608401265026.0,riccardobass,0.00017900000000000001,4.279008338722,0.0,23905.074518,19500.02,0.000552,0.0,0,postponed
1608401265507.0,riccardobass,0.000552,13.195777075104,5.5e-07,23905.074518,19500.02,0.0,151834329.0,CYyjbS3ckb2M6Z5c2fDsrD,completed
1608488134214.0,jerry,0.000207,4.911445919367,0.0,23726.791881,19354.59,0.000627,0.0,0,postponed
1608488134638.0,jerry,0.000627,14.877290361647999,6.3e-07,23726.791881,19354.59,0.0,153636452.0,uWN0vtOhl6kl5lb0IcrbFO,completed
1608488136050.0,giovanni,5.2000000000000004e-05,1.233842262848,0.0,23727.735824,19355.36,0.000331,0.0,0,postponed
1608488136937.0,riccardobass,0.000181,4.294664712169,0.0,23727.429349000002,19355.11,0.000181,0.0,0,postponed
1608574541748.0,jerry,0.000215,4.87643623985,0.0,22681.09879,18632.3,0.000215,0.0,0,postponed
1608574542660.0,giovanni,5.400000000000001e-05,1.224617628528,0.0,22678.104232,18629.84,0.00038500000000000003,0.0,0,postponed
1608574543570.0,riccardobass,0.000188,4.263767372592,0.0,22679.613684000004,18631.08,0.000369,0.0,0,postponed
1608660948475.0,jerry,0.000207,4.885113575844,0.0,23599.582491999998,19282.28,0.00042199999999999996,0.0,0,postponed
1608660949384.0,giovanni,5.2000000000000004e-05,1.2271782895839998,0.0,23599.582492,19282.28,0.000437,0.0,0,postponed
1608660950719.0,riccardobass,0.000182,4.295124013544,0.0,23599.582491999998,19282.28,0.0005510000000000001,0.0,0,postponed
1608660951148.0,riccardobass,0.000551,13.004968207385001,5.5e-07,23599.582492,19282.28,0.0,157790429.0,klaCwGwkPfMjzgYYpk2x8K,completed
1608747356300.0,jerry,0.000206,4.869666643995999,0.0,23639.158466,19430.51,0.000628,0.0,0,postponed
1608747356726.0,jerry,0.000628,14.846004585720001,1.4e-07,23639.158466,19430.51,0.0,160036431.0,I7z2TP6dP9ugfVSTG9k1NP,completed
1608747358450.0,giovanni,5.1e-05,1.205654164638,0.0,23640.277738,19431.43,0.000488,0.0,0,postponed
1608747359280.0,riccardobass,0.00018,4.25519305596,0.0,23639.961422,19431.17,0.00018,0.0,0,postponed
1608833765227.0,jerry,0.000208,4.8811565797280005,0.0,23467.098941,19246.37,0.000208,0.0,0,postponed
1608833766522.0,giovanni,5.2000000000000004e-05,1.2202891449320001,0.0,23467.098941,19246.37,0.00054,0.0,0,postponed
1608833766943.0,giovanni,0.00054,12.673214476920002,5.4e-07,23467.098941,19246.37,0.0,162859020.0,eLeUT0A1j0ePRBMRQrr8wG,completed
1608833768244.0,riccardobass,0.000182,4.2713426570360005,0.0,23468.915698,19247.86,0.000362,0.0,0,postponed
1608920173107.0,jerry,0.000201,4.868453729433001,0.0,24221.162833000002,19864.81,0.00040899999999999997,0.0,0,postponed
1608920173945.0,giovanni,5e-05,1.21117519445,0.0,24223.503889,19866.73,5e-05,0.0,0,postponed
1608920174845.0,riccardobass,0.000176,4.263639265952,0.0,24225.223102,19868.14,0.0005380000000000001,0.0,0,postponed
1608920175268.0,riccardobass,0.000538,13.033248746884,5.4e-07,24225.223102,19868.14,0.0,164736474.0,aD3bVIpHo6UDTseuUNxbxY,completed
1609006580620.0,jerry,0.00019,4.8870686484100005,0.0,25721.413939,21095.23,0.0005989999999999999,0.0,0,postponed
1609006581462.0,jerry,0.000599,15.407126949461,6e-07,25721.413939,21095.23,0.0,166604124.0,Q0zrtlF43Sj4XIFYr59S62,completed
1609006583359.0,giovanni,4.7e-05,1.208906455133,0.0,25721.413939,21095.23,9.7e-05,0.0,0,postponed
1609006584294.0,riccardobass,0.000166,4.2705946896440015,0.0,25726.47403400001,21099.38,0.000166,0.0,0,postponed
1609092989002.0,jerry,0.000183,4.881893914824,0.0,26677.015928,21878.96,0.000183,0.0,0,postponed
1609092989871.0,giovanni,4.6e-05,1.227142732688,0.0,26677.015928,21878.96,0.000143,0.0,0,postponed
1609092990735.0,riccardobass,0.00016,4.2683225484800005,0.0,26677.015928,21878.96,0.000326,0.0,0,postponed
1609179395791.0,jerry,0.00018,4.88291694606,0.0,27127.316367000003,22200.93,0.000363,0.0,0,postponed
1609179397558.0,giovanni,4.5e-05,1.220729236515,0.0,27127.316367000003,22200.93,0.000188,0.0,0,postponed
1609179398402.0,riccardobass,0.00015800000000000002,4.286115985986,0.0,27127.316367000003,22200.93,0.000484,0.0,0,postponed
1609265803832.0,jerry,0.000183,4.8911909866170005,0.0,26727.819599000002,21802.61,0.000546,0.0,0,postponed
1609265804227.0,jerry,0.000546,14.601381437370001,5.5e-07,26727.819599,21802.61,0.0,173292822.0,AShAgCynFpxMiEkmziaXBc,completed
1609265805629.0,giovanni,4.6e-05,1.23015301487,0.0,26742.456845,21814.55,0.000234,0.0,0,postponed
1609265806604.0,riccardobass,0.00016,4.279579632640001,0.0,26747.372703999998,21818.56,0.000644,0.0,0,postponed
1609352212134.0,jerry,0.000173,4.922479741279,0.0,28453.640123,23168.83,0.000173,0.0,0,postponed
1609352213045.0,giovanni,4.3e-05,1.223333842148,0.0,28449.624236,23165.56,0.000277,0.0,0,postponed
1609352213902.0,riccardobass,0.000151,4.296705500414,0.0,28455.003313999998,23169.94,0.000795,0.0,0,postponed
1609438618999.0,jerry,0.00016999999999999999,4.896181519880001,0.0,28801.067764000003,23470.84,0.000343,0.0,0,postponed
1609438619850.0,giovanni,4.3e-05,1.238445913852,0.0,28801.067764000003,23470.84,0.00032,0.0,0,postponed
1609438620732.0,riccardobass,0.000149,4.2913590968360005,0.0,28801.067764000003,23470.84,0.000944,0.0,0,postponed
1609525026058.0,jerry,0.000167,4.911487040012,0.0,29410.102036,23967.16,0.0005099999999999999,0.0,0,postponed
1609525026484.0,jerry,0.0005099999999999999,14.999871732510002,5.1e-07,29410.102036,23967.16,0.0,180253177.0,roGOazUXMAOKUumyqnPXk5,completed
1609525027874.0,giovanni,4.2e-05,1.2352835544420002,0.0,29411.513201000005,23968.31,0.000362,0.0,0,postponed
1609525028795.0,riccardobass,0.000146,4.293925061104,0.0,29410.445624,23967.44,0.00109,0.0,0,postponed
1609697678857.0,jerry,0.000153,4.916874708459001,0.0,32136.43600300001,26188.93,0.000153,0.0,0,postponed
1609697679740.0,giovanni,3.8e-05,1.2212325968080002,0.0,32137.699916,26189.96,0.0004,0.0,0,postponed
1609697679740.0,giovanni,0.0004,12.85827877068,1e-08,32137.699916,26189.96,0.0,185330921.0,Lb5sMMiqfKaTzolKlz0dmD,completed
1609697681578.0,riccardobass,0.000134,4.3075452575540005,0.0,32145.860131,26196.61,0.001224,0.0,0,postponed
1609697682594.0,jerrycb,7.900000000000001e-05,2.448727134,0.0,30996.546000000002,25260.0,7.900000000000001e-05,0.0,0,postponed
1609784846611.0,jerry,0.000157,4.926605083912,0.0,31379.650216000002,25520.21,0.00031,0.0,0,postponed
1609784847498.0,giovanni,3.9e-05,1.223806358424,0.0,31379.650216,25520.21,3.9e-05,0.0,0,postponed
1609784848356.0,riccardobass,0.00013700000000000002,4.299930160432,0.0,31386.351536,25525.66,0.001361,0.0,0,postponed
1609784849629.0,jerrycb,7.8e-05,2.4499548097440003,0.0,31409.677048,25544.63,0.00015700000000000002,0.0,0,postponed
1609871254617.0,jerry,0.000149,4.923592442866999,0.0,33044.244583,26928.73,0.000459,0.0,0,postponed
1609871254617.0,jerry,0.000459,15.179136280497,4.6e-07,33044.244583,26928.73,0.0,191839715.0,VzdZUU85Ga7LY3AThAARN1,completed
1609871256302.0,giovanni,3.7e-05,1.2235905062710002,0.0,33070.013683000005,26949.73,7.6e-05,0.0,0,postponed
1609871257207.0,riccardobass,0.00013000000000000002,4.29910177879,0.0,33070.013683000005,26949.73,0.001491,0.0,0,postponed
1609871257207.0,riccardobass,0.001491,49.288728419132994,1.49e-06,33070.013683000005,26949.73,0.0,191839774.0,JXfbwH121omjRrncpH7Ae8,completed
1609871258864.0,jerrycb,7.4e-05,2.440702955306,0.0,32982.472369,26878.39,0.00023100000000000009,0.0,0,postponed
1609955966238.0,jerry,0.00014,4.918802797999999,0.0,35134.3057,28476.5,0.00014,0.0,0,postponed
1609955967154.0,giovanni,3.5e-05,1.22970156316,0.0,35134.330376,28476.52,0.000111,0.0,0,postponed
1609955968097.0,riccardobass,0.000105,3.68910339399,0.0,35134.318038,28476.51,0.000105,0.0,0,postponed
1609955968565.0,jerrycb,7e-05,2.4576550784799998,0.0,35109.358263999995,28456.28,0.00030100000000000005,0.0,0,postponed
1609957769576.0,jerry,0.00014,4.936583830079999,0.0,35261.313072000004,28579.44,0.00028,0.0,0,postponed
1609957770497.0,giovanni,3.5e-05,1.2342582333199998,0.0,35264.520952,28582.04,0.000146,0.0,0,postponed
1609957771329.0,riccardobass,0.000105,3.7033887622199995,0.0,35270.369164,28586.78,0.00021,0.0,0,postponed
1609957771858.0,jerrycb,7e-05,2.46506787226,0.0,35215.255318,28542.11,0.000371,0.0,0,postponed
1610042377055.0,jerry,0.000123,4.895236316520001,0.0,39798.669239999996,32419.9,0.00040300000000000004,0.0,0,postponed
1610042377055.0,jerry,0.00040300000000000004,16.038522344988,4e-07,39798.66924,32419.9,0.0,199095415.0,HcQOBVvD4m7lQfA6Lg5X6y,completed
1610042378845.0,giovanni,3.1e-05,1.233440601624,0.0,39788.406504,32411.54,0.000177,0.0,0,postponed
1610042379905.0,riccardobass,9.3e-05,3.700321804872,0.0,39788.406504,32411.54,0.000303,0.0,0,postponed
1610042380407.0,jerrycb,6.2e-05,2.4698069177760003,0.0,39835.595448,32449.98,0.000433,0.0,0,postponed
1610044181369.0,jerry,0.000125,4.910894109,0.0,39287.15287200001,32003.22,0.000125,0.0,0,postponed
1610044182273.0,giovanni,3.1e-05,1.21916632662,0.0,39327.946019999996,32036.45,0.00020800000000000001,0.0,0,postponed
1610044183217.0,riccardobass,9.4e-05,3.691425314016,0.0,39270.482064,31989.64,0.000397,0.0,0,postponed
1610044183217.0,riccardobass,0.000397,15.5889729171,4e-07,39270.482063999996,31989.64,0.0,199178499.0,5ull8H0t9zYfCiBCWJR332,completed
1610044184535.0,jerrycb,6.3e-05,2.4720574032,0.0,39239.0064,31964.0,0.000496,0.0,0,postponed
1610128789176.0,jerry,0.00011899999999999999,4.8990633405,0.0,41168.5995,33607.02,0.000244,0.0,0,postponed
1610128790068.0,giovanni,3e-05,1.234641975,0.0,41154.7325,33595.7,0.000238,0.0,0,postponed
1610128790901.0,riccardobass,8.9e-05,3.6632334585000006,0.0,41159.926500000016,33599.94,8.9e-05,0.0,0,postponed
1610128791735.0,jerrycb,6e-05,2.4632657700000005,0.0,41054.42950000001,33513.82,0.0005560000000000001,0.0,0,postponed
1610130592719.0,jerry,0.000121,4.887184282750001,0.0,40389.95275,32971.39,0.000365,0.0,0,postponed
1610130592719.0,jerry,0.000365,14.753081638750002,3.7e-07,40389.95275,32971.39,0.0,203354622.0,eJTUiIXwCIFgPxavckY3Gb,completed
1610130594454.0,giovanni,2.9999999999999997e-05,1.2127261125,0.0,40424.20375,32999.35,0.000268,0.0,0,postponed
1610130595370.0,riccardobass,9.1e-05,3.678675,0.0,40425.0,33000.0,0.00017999999999999998,0.0,0,postponed
1610130595832.0,jerrycb,6.1e-05,2.4584084122500003,0.0,40301.777250000014,32899.41,0.000617,0.0,0,postponed
,jerry543,,,,,,0.0,,,reset_bitcoin_amount
